{
    "payment_delay": {
        "0": {
            "churn_rate": 9.598494353826851,
            "total": 1594
        },
        "1": {
            "churn_rate": 9.551656920077972,
            "total": 1539
        },
        "2": {
            "churn_rate": 11.6263879817113,
            "total": 1531
        },
        "3": {
            "churn_rate": 10.758263123784834,
            "total": 1543
        },
        "4": {
            "churn_rate": 9.82367758186398,
            "total": 1588
        },
        "5": {
            "churn_rate": 9.821428571428571,
            "total": 1568
        },
        "6": {
            "churn_rate": 8.82543802725503,
            "total": 1541
        },
        "7": {
            "churn_rate": 10.78622482131254,
            "total": 1539
        },
        "8": {
            "churn_rate": 9.878127004490057,
            "total": 1559
        },
        "9": {
            "churn_rate": 10.430247718383312,
            "total": 1534
        },
        "10": {
            "churn_rate": 9.720534629404618,
            "total": 1646
        },
        "11": {
            "churn_rate": 10.509754562617998,
            "total": 1589
        },
        "12": {
            "churn_rate": 9.703843730308758,
            "total": 1587
        },
        "13": {
            "churn_rate": 9.950248756218906,
            "total": 1608
        },
        "14": {
            "churn_rate": 10.568603213844252,
            "total": 1618
        },
        "15": {
            "churn_rate": 10.151324085750316,
            "total": 1586
        },
        "16": {
            "churn_rate": 57.93482860770207,
            "total": 2363
        },
        "17": {
            "churn_rate": 59.60633290543432,
            "total": 2337
        },
        "18": {
            "churn_rate": 57.96847635726795,
            "total": 2284
        },
        "19": {
            "churn_rate": 58.29279080053074,
            "total": 2261
        },
        "20": {
            "churn_rate": 58.99122807017544,
            "total": 2280
        },
        "21": {
            "churn_rate": 77.22342733188721,
            "total": 2766
        },
        "22": {
            "churn_rate": 76.1786600496278,
            "total": 2821
        },
        "23": {
            "churn_rate": 77.83505154639175,
            "total": 2716
        },
        "24": {
            "churn_rate": 75.7278020378457,
            "total": 2748
        },
        "25": {
            "churn_rate": 76.77094570298453,
            "total": 2781
        },
        "26": {
            "churn_rate": 76.33944624235886,
            "total": 2781
        },
        "27": {
            "churn_rate": 76.22427253371185,
            "total": 2818
        },
        "28": {
            "churn_rate": 75.6419662509171,
            "total": 2726
        },
        "29": {
            "churn_rate": 76.9650655021834,
            "total": 2748
        },
        "30": {
            "churn_rate": 77.07281903388609,
            "total": 2774
        }
    },
    "perfect_predictors": {
        "Usage Frequency": [],
        "Support Calls": [],
        "Last Interaction": [],
        "Tenure": []
    }
}