{"accuracy": 0.7746049870433608, "precision": 0.7823691460055097, "recall": 0.6081370449678801, "f1_score": 0.6843373493975904, "auc_score": 0.7746049870433608, "confusion_matrix": [[1162, 237], [549, 852]], "actual_accuracy": 0.7192857142857143}