{"accuracy": 0.9978252427184466, "precision": 0.9978572605900775, "recall": 0.9975284231339595, "f1_score": 0.9976928147659855, "confusion_matrix": [[6793, 13], [15, 6054]]}