{"accuracy": 0.5724779627815867, "precision": 0.37506804572672836, "recall": 0.6917670682730924, "f1_score": 0.4864101659018707, "confusion_matrix": [[3778, 3444], [921, 2067]]}