{"accuracy": 0.7984386089425124, "precision": 0.6074380165289256, "recall": 0.4375, "f1_score": 0.5086505190311419, "confusion_matrix": [[978, 95], [189, 147]]}