{
  "best_test_auc": 0.6758314386336163,
  "best_f1": 0.25615505500261915,
  "best_ap": 0.4568211653264993,
  "optimal_threshold": 0.135929648241206,
  "n_features": 80,
  "all_models": {
    "Logistic Regression": {
      "test_auc": 0.5451694136538853,
      "f1": 0.4042834797256648,
      "ap": 0.3343434304063969
    },
    "Random Forest": {
      "test_auc": 0.6609500330551363,
      "f1": 0.46417671850021797,
      "ap": 0.43283930941593435
    },
    "XGBoost (base)": {
      "test_auc": 0.6667519858336198,
      "f1": 0.479912244618127,
      "ap": 0.4437218569315682
    },
    "LightGBM (base)": {
      "test_auc": 0.659888976271014,
      "f1": 0.4425615121394818,
      "ap": 0.4346500545753117
    },
    "CatBoost (base)": {
      "test_auc": 0.668614306981387,
      "f1": 0.4771986970684039,
      "ap": 0.44303904677434836
    },
    "XGBoost (Tuned)": {
      "test_auc": 0.6650008539711247,
      "f1": 0.48195043103448276,
      "ap": 0.4404761693950551
    },
    "LightGBM (Tuned)": {
      "test_auc": 0.6683318791816992,
      "f1": 0.47388115551564136,
      "ap": 0.4450678339038701
    },
    "CatBoost (Tuned)": {
      "test_auc": 0.6679202332978027,
      "f1": 0.4811111111111111,
      "ap": 0.4448029314576463
    },
    "Stacking Ensemble": {
      "test_auc": 0.6758314386336163,
      "f1": 0.25615505500261915,
      "ap": 0.4568211653264993
    },
    "Weighted Avg Ensemble": {
      "test_auc": 0.6756590075527339,
      "f1": 0.47345132743362833,
      "ap": 0.45631849349168574
    }
  }
}