{
  "best_test_auc": 0.7893551020408163,
  "best_f1": 0.7175056348610067,
  "best_ap": 0.8219527969192713,
  "optimal_threshold": 0.05,
  "n_features": 20,
  "all_models": {
    "Logistic Regression": {
      "test_auc": 0.7943734693877551,
      "f1": 0.7245747376040536,
      "ap": 0.8273150560360198
    },
    "Random Forest": {
      "test_auc": 0.7866010204081633,
      "f1": 0.7063339731285988,
      "ap": 0.8185437352836284
    },
    "XGBoost (base)": {
      "test_auc": 0.787598469387755,
      "f1": 0.6989992301770592,
      "ap": 0.8203574873646008
    },
    "LightGBM (base)": {
      "test_auc": 0.7793025510204082,
      "f1": 0.6926640926640927,
      "ap": 0.813124667250574
    },
    "CatBoost (base)": {
      "test_auc": 0.792269387755102,
      "f1": 0.7096774193548387,
      "ap": 0.8263114839640341
    },
    "XGBoost (Tuned)": {
      "test_auc": 0.7903214285714285,
      "f1": 0.7051134179161861,
      "ap": 0.8219523295620834
    },
    "LightGBM (Tuned)": {
      "test_auc": 0.7873438775510204,
      "f1": 0.7054768288012255,
      "ap": 0.8202632716208345
    },
    "CatBoost (Tuned)": {
      "test_auc": 0.7909846938775511,
      "f1": 0.7111280487804879,
      "ap": 0.8248520998084886
    },
    "Stacking Ensemble": {
      "test_auc": 0.7893551020408163,
      "f1": 0.7175056348610067,
      "ap": 0.8219527969192713
    },
    "Weighted Avg Ensemble": {
      "test_auc": 0.7858724489795919,
      "f1": 0.7047184170471842,
      "ap": 0.819595057887724
    }
  }
}